City_ID,City,Country,Date,Lat,Lng,Max Temp,Humidity,Cloudiness,Weather Desc,Rain/Inches,Snow,Wind Speed
0,Lavrentiya,RU,2020-04-18 20:58:07,65.58,-171.0,18.59,95,100,light snow,0,{'3h': 0.88},9.57
1,Bredasdorp,ZA,2020-04-18 20:57:35,-34.53,20.04,53.6,93,46,scattered clouds,0,0,3.36
2,Seoul,KR,2020-04-18 20:56:52,37.57,126.98,51.8,87,75,broken clouds,0,0,4.54
3,Albany,US,2020-04-18 21:01:45,42.6,-73.97,46.0,62,93,light rain,{'3h': 0.49},0,6.87
4,Atuona,PF,2020-04-18 20:57:39,-9.8,-139.03,82.47,79,89,light rain,{'3h': 0.62},0,18.37
5,Rikitea,PF,2020-04-18 21:01:50,-23.12,-134.97,77.09,73,18,few clouds,0,0,7.54
6,Ashtian,IR,2020-04-18 21:01:50,34.52,50.0,50.9,32,100,light rain,{'3h': 0.18},0,4.79
7,Port Alfred,ZA,2020-04-18 20:57:15,-33.59,26.89,64.0,95,0,clear sky,0,0,5.01
8,Half Moon Bay,US,2020-04-18 20:58:23,37.46,-122.43,66.0,67,90,overcast clouds,0,0,9.17
9,Dingle,PH,2020-04-18 20:57:36,11.0,122.67,78.66,82,2,clear sky,0,0,9.37
10,Carnarvon,AU,2020-04-18 20:57:11,-24.87,113.63,73.4,88,54,broken clouds,0,0,12.75
11,Lebu,CL,2020-04-18 20:58:25,-37.62,-73.65,61.65,72,34,scattered clouds,0,0,5.7
12,Mecca,SA,2020-04-18 20:58:17,21.43,39.83,77.09,44,100,overcast clouds,0,0,3.04
13,Mar Del Plata,AR,2020-04-18 20:59:24,-38.0,-57.56,73.99,53,1,clear sky,0,0,11.41
14,Saint-Philippe,RE,2020-04-18 20:57:12,-21.36,55.77,77.0,83,20,few clouds,0,0,9.17
15,Shitanjing,CN,2020-04-18 21:01:52,39.23,106.34,48.0,45,0,clear sky,0,0,3.0
16,Padilla,CO,2020-04-18 20:57:56,3.22,-76.31,82.4,58,75,broken clouds,0,0,11.41
17,Tautira,PF,2020-04-18 20:56:56,-17.73,-149.15,86.0,70,78,light rain,{'3h': 1.38},0,4.7
18,Ribeira Grande,PT,2020-04-18 20:53:12,38.52,-28.7,62.6,93,75,light intensity shower rain,0,0,18.34
19,Portland,US,2020-04-18 20:58:19,45.52,-122.68,54.0,81,90,light rain,{'1h': 0.35},0,10.29
20,Sechura,PE,2020-04-18 20:53:58,-5.56,-80.82,78.21,64,0,clear sky,0,0,10.09
21,Chokurdakh,RU,2020-04-18 20:58:43,70.63,147.92,-6.72,88,100,overcast clouds,0,0,8.59
22,Kirakira,SB,2020-04-18 20:58:32,-10.45,161.92,78.71,80,100,light rain,{'3h': 0.42},0,4.29
23,Bengkulu,ID,2020-04-18 20:58:16,-3.8,102.27,76.73,85,100,overcast clouds,0,0,4.03
24,Geraldton,AU,2020-04-18 21:01:54,-28.77,114.6,66.2,88,40,scattered clouds,0,0,8.05
25,Tasiilaq,GL,2020-04-18 20:57:21,65.61,-37.64,32.0,95,100,light snow,0,{'3h': 0.67},16.11
26,Whitianga,NZ,2020-04-18 21:01:55,-36.83,175.7,66.99,94,42,light rain,{'3h': 0.15},0,4.0
27,Padang,ID,2020-04-18 20:59:07,-0.95,100.35,78.28,77,95,overcast clouds,0,0,1.59
28,Rognan,NO,2020-04-18 21:01:55,67.1,15.39,39.99,96,100,light snow,0,{'3h': 0.12},4.12
29,Port Elizabeth,ZA,2020-04-18 20:58:20,-33.92,25.57,64.4,93,0,fog,0,0,3.36
30,Atbasar,KZ,2020-04-18 21:01:56,51.8,68.33,51.39,60,100,overcast clouds,0,0,7.16
31,Butaritari,KI,2020-04-18 20:59:20,3.07,172.79,83.21,77,76,light rain,{'3h': 1.29},0,15.82
32,Mataura,NZ,2020-04-18 20:57:17,-46.19,168.86,45.0,90,100,overcast clouds,0,0,8.01
33,Ushuaia,AR,2020-04-18 21:01:57,-54.8,-68.3,51.8,69,40,scattered clouds,0,0,13.87
34,Georgetown,MY,2020-04-18 20:54:04,5.41,100.34,82.4,94,40,light rain,0,0,3.36
35,Cape Town,ZA,2020-04-18 21:01:40,-33.93,18.42,66.99,77,91,overcast clouds,0,0,4.7
36,Souillac,MU,2020-04-18 20:58:21,-20.52,57.52,78.8,78,40,scattered clouds,0,0,11.41
37,Bereda,ES,2020-04-18 21:01:57,43.27,-7.54,55.0,99,87,light rain,{'3h': 0.5},0,5.01
38,Grand Gaube,MU,2020-04-18 21:01:58,-20.01,57.66,78.8,78,40,scattered clouds,0,0,11.41
39,Castro,BR,2020-04-18 21:01:58,-24.79,-50.01,61.27,58,43,scattered clouds,0,0,3.71
40,Barrow,US,2020-04-18 20:57:16,71.29,-156.79,-0.4,77,1,clear sky,0,0,11.41
41,Dwarka,IN,2020-04-18 21:01:58,22.24,68.97,80.35,81,33,scattered clouds,0,0,13.73
42,North Bend,US,2020-04-18 21:01:59,43.41,-124.22,53.6,76,75,broken clouds,0,0,8.05
43,Vestmannaeyjar,IS,2020-04-18 20:59:41,63.44,-20.27,45.5,93,100,light rain,{'3h': 0.92},0,17.11
44,Mardin,TR,2020-04-18 21:01:59,37.31,40.74,56.64,49,36,scattered clouds,0,0,4.29
45,Hirara,JP,2020-04-18 21:01:59,24.8,125.28,74.17,87,100,overcast clouds,0,0,16.73
46,Nanortalik,GL,2020-04-18 21:02:00,60.14,-45.24,29.5,91,82,light snow,0,{'3h': 0.13},3.91
47,Airai,TL,2020-04-18 20:59:12,-8.93,125.41,59.76,56,44,scattered clouds,0,0,2.86
48,Chernyshevskiy,RU,2020-04-18 21:02:00,63.01,112.47,5.31,91,56,broken clouds,0,0,4.92
49,Huarmey,PE,2020-04-18 20:58:45,-10.07,-78.15,77.97,63,18,few clouds,0,0,9.91
50,Guerrero Negro,MX,2020-04-18 20:57:40,27.98,-114.06,66.88,54,0,clear sky,0,0,20.78
51,Vila Velha,BR,2020-04-18 20:55:26,-20.33,-40.29,77.0,69,20,few clouds,0,0,10.29
52,Iguape,BR,2020-04-18 21:02:01,-24.71,-47.56,69.4,81,80,light rain,{'3h': 0.2},0,5.55
53,Juneau,US,2020-04-18 20:56:10,58.3,-134.42,51.8,57,20,few clouds,0,0,8.05
54,Olga,RU,2020-04-18 21:02:02,43.74,135.29,40.01,67,13,few clouds,0,0,4.36
55,Hobart,AU,2020-04-18 20:57:34,-42.88,147.33,45.0,87,75,broken clouds,0,0,4.7
56,Thessalon,CA,2020-04-18 21:02:02,46.25,-83.57,53.6,27,75,broken clouds,0,0,16.11
57,Sao Filipe,CV,2020-04-18 20:58:10,14.9,-24.5,71.69,73,14,few clouds,0,0,21.59
58,Kitovo,RU,2020-04-18 21:02:03,56.87,41.28,32.49,89,46,scattered clouds,0,0,5.35
59,Pisco,PE,2020-04-18 21:02:03,-13.7,-76.22,77.0,65,21,few clouds,0,0,11.41
60,Hermanus,ZA,2020-04-18 21:02:03,-34.42,19.23,64.99,57,69,broken clouds,0,0,1.99
61,Mahebourg,MU,2020-04-18 20:57:18,-20.41,57.7,78.8,78,40,scattered clouds,0,0,11.41
62,Marsh Harbour,BS,2020-04-18 21:00:03,26.54,-77.06,80.74,75,44,moderate rain,{'3h': 4.41},0,12.82
63,Vaini,TO,2020-04-18 21:02:04,-21.2,-175.2,78.8,78,75,broken clouds,0,0,11.41
64,Ambon,ID,2020-04-18 20:54:21,-3.7,128.18,82.69,73,70,light rain,{'3h': 1.12},0,2.75
65,Lumeje,AO,2020-04-18 21:02:05,-11.55,20.78,67.32,64,95,light rain,{'3h': 0.24},0,2.44
66,Dikson,RU,2020-04-18 20:57:28,73.51,80.55,35.24,89,100,overcast clouds,0,0,19.1
67,Traverse City,US,2020-04-18 21:02:05,44.76,-85.62,57.2,33,75,broken clouds,0,0,18.34
68,Saurimo,AO,2020-04-18 21:02:05,-9.66,20.39,64.65,70,99,light rain,{'3h': 0.44},0,3.2
69,East London,ZA,2020-04-18 21:02:06,-33.02,27.91,71.22,66,0,clear sky,0,0,17.54
70,Punta Arenas,CL,2020-04-18 20:57:16,-53.15,-70.92,55.4,43,40,scattered clouds,0,0,14.99
71,San Andres,CO,2020-04-18 21:02:06,12.58,-81.7,86.0,66,20,few clouds,0,0,10.29
72,Maragogi,BR,2020-04-18 21:02:06,-9.01,-35.22,81.41,79,100,light rain,{'3h': 1},0,8.39
73,Paracuru,BR,2020-04-18 21:02:07,-3.41,-39.03,84.2,70,40,scattered clouds,0,0,8.05
74,Bluff,NZ,2020-04-18 20:57:14,-46.6,168.33,45.0,90,100,overcast clouds,0,0,8.01
75,Evensk,RU,2020-04-18 21:02:07,61.95,159.23,13.21,88,100,overcast clouds,0,0,11.43
76,Saint George,US,2020-04-18 20:54:47,37.1,-113.58,69.01,30,20,few clouds,0,0,11.41
77,Aksay,RU,2020-04-18 21:02:08,47.26,39.87,46.99,41,100,overcast clouds,0,0,3.65
78,Jizan,SA,2020-04-18 21:00:04,17.33,42.67,87.8,79,20,few clouds,0,0,5.82
79,Puerto Ayora,EC,2020-04-18 21:02:08,-0.74,-90.35,86.0,70,75,shower rain,0,0,8.05
80,Yellowknife,CA,2020-04-18 21:02:08,62.46,-114.35,23.0,85,90,light snow,0,0,14.99
81,Tuktoyaktuk,CA,2020-04-18 20:57:18,69.45,-133.04,8.6,84,40,scattered clouds,0,0,5.82
82,Kodiak,US,2020-04-18 20:59:25,57.79,-152.41,48.2,76,1,clear sky,0,0,11.41
83,Ponta Do Sol,PT,2020-04-18 20:58:11,32.67,-17.1,60.01,58,11,few clouds,0,0,1.66
84,Pevek,RU,2020-04-18 20:57:13,69.7,170.31,-0.81,91,29,scattered clouds,0,0,7.34
85,Lewisporte,CA,2020-04-18 21:02:09,49.25,-55.05,35.6,40,75,broken clouds,0,0,11.41
86,Jamestown,US,2020-04-18 20:56:34,42.1,-79.24,46.0,45,75,broken clouds,0,0,16.11
87,Kaduqli,SD,2020-04-18 21:02:10,11.02,29.72,80.35,13,64,broken clouds,0,0,3.51
88,Saint-Joseph,RE,2020-04-18 21:02:10,-21.37,55.62,77.0,83,20,few clouds,0,0,9.17
89,Hilo,US,2020-04-18 21:02:10,19.73,-155.09,80.6,51,90,overcast clouds,0,0,9.17
90,Nikolskoye,RU,2020-04-18 20:57:47,59.7,30.79,37.4,91,90,overcast clouds,0,0,13.42
91,Pasighat,IN,2020-04-18 21:02:11,28.07,95.33,68.13,76,80,light rain,{'3h': 1.25},0,2.06
92,Avarua,CK,2020-04-18 21:02:11,-21.21,-159.78,82.4,69,54,broken clouds,0,0,9.17
93,San Luis,AR,2020-04-18 21:02:11,-33.3,-66.34,77.85,23,0,clear sky,0,0,20.98
94,Beringovskiy,RU,2020-04-18 21:02:12,63.05,179.32,19.74,96,100,light snow,0,{'3h': 1.19},17.29
95,Floro,NO,2020-04-18 20:58:43,61.6,5.03,42.8,75,0,clear sky,0,0,4.7
96,Svarychiv,UA,2020-04-18 21:02:12,48.96,24.2,38.39,63,19,few clouds,0,0,1.83
97,Asau,RO,2020-04-18 21:02:12,46.43,26.4,48.2,63,22,few clouds,0,0,6.93
98,Moctezuma,MX,2020-04-18 21:02:13,29.8,-109.67,82.29,13,0,clear sky,0,0,22.77
99,Busselton,AU,2020-04-18 21:02:13,-33.65,115.33,63.0,77,100,light rain,{'3h': 2.02},0,24.92
100,Novonukutskiy,RU,2020-04-18 21:02:13,53.7,102.71,28.09,84,89,light snow,0,{'3h': 0.46},10.47
101,Abu Kamal,SY,2020-04-18 21:02:14,34.45,40.92,76.68,29,68,broken clouds,0,0,1.34
102,Richards Bay,ZA,2020-04-18 21:02:14,-28.78,32.04,72.9,77,33,scattered clouds,0,0,8.1
103,Gizo,SB,2020-04-18 20:58:42,-8.1,156.84,82.04,74,52,broken clouds,0,0,3.4
104,Atlantic City,US,2020-04-18 21:01:38,39.36,-74.42,50.0,53,90,overcast clouds,0,0,23.04
105,Shenzhen,CN,2020-04-18 21:02:15,22.55,114.07,75.99,99,40,scattered clouds,0,0,5.14
106,Zhangjiakou,CN,2020-04-18 21:02:15,40.81,114.88,48.9,51,100,light rain,{'3h': 0.22},0,3.89
107,Comodoro Rivadavia,AR,2020-04-18 21:02:15,-45.87,-67.5,73.4,28,40,scattered clouds,0,0,20.8
108,Pombas,CV,2020-04-18 21:02:16,17.15,-25.02,73.4,64,40,scattered clouds,0,0,24.16
109,Hovd,MN,2020-04-18 21:02:16,48.01,91.64,33.98,41,0,clear sky,0,0,2.66
110,Hithadhoo,MV,2020-04-18 20:57:42,-0.6,73.08,83.77,75,99,overcast clouds,0,0,11.65
111,Acapulco,MX,2020-04-18 20:53:04,16.86,-99.89,84.2,74,5,haze,0,0,10.29
112,Lompoc,US,2020-04-18 20:57:34,34.64,-120.46,61.0,63,90,overcast clouds,0,0,12.75
113,Port Hedland,AU,2020-04-18 21:02:17,-20.32,118.57,75.2,100,99,overcast clouds,0,0,6.93
114,Provideniya,RU,2020-04-18 20:58:01,64.38,-173.3,22.05,95,100,light snow,0,{'3h': 0.68},14.54
115,Maridi,SS,2020-04-18 21:02:17,4.92,29.47,69.66,69,90,overcast clouds,0,0,4.41
116,Brigantine,US,2020-04-18 21:02:17,39.41,-74.36,50.0,53,90,overcast clouds,0,0,23.04
117,Onega,RU,2020-04-18 21:02:17,63.91,38.14,31.93,97,92,overcast clouds,0,0,6.8
118,Neiafu,TO,2020-04-18 21:02:18,-18.65,-173.98,78.8,88,75,broken clouds,0,0,8.05
119,Mettur,IN,2020-04-18 21:02:18,11.8,77.8,81.88,55,0,clear sky,0,0,1.79
120,Srednekolymsk,RU,2020-04-18 20:57:43,67.45,153.68,-5.55,90,77,broken clouds,0,0,9.55
121,Norman Wells,CA,2020-04-18 20:53:48,65.28,-126.83,39.2,93,90,light rain,0,0,16.11
122,Abu Samrah,SY,2020-04-18 21:02:19,35.3,37.18,65.62,51,1,clear sky,0,0,3.89
123,Emerald,AU,2020-04-18 21:02:19,-23.53,148.17,71.6,94,75,broken clouds,0,0,4.7
124,Caruray,PH,2020-04-18 21:02:19,10.31,119.01,82.49,75,63,light rain,{'3h': 0.38},0,10.31
125,Talnakh,RU,2020-04-18 21:02:20,69.49,88.4,37.4,74,100,overcast clouds,0,0,35.79
126,Chuy,UY,2020-04-18 20:57:19,-33.7,-53.46,66.63,82,18,few clouds,0,0,7.23
127,Marienburg,PL,2020-04-18 21:02:21,54.04,19.03,35.01,100,0,clear sky,0,0,6.29
128,Monduli,TZ,2020-04-18 21:02:21,-3.3,36.45,64.4,88,75,broken clouds,0,0,1.41
129,Brae,GB,2020-04-18 21:02:21,60.4,-1.35,44.6,86,0,clear sky,0,0,6.93
130,Thompson,CA,2020-04-18 21:02:21,55.74,-97.86,15.8,47,40,scattered clouds,0,0,9.17
131,Marondera,ZW,2020-04-18 21:02:22,-18.19,31.55,58.08,51,16,few clouds,0,0,8.63
132,Izmaylovo,RU,2020-04-18 21:02:22,53.72,47.25,33.94,81,6,clear sky,0,0,7.67
133,Ixtapa,MX,2020-04-18 20:58:39,20.7,-105.2,78.8,69,90,overcast clouds,0,0,14.99
134,Bethel,US,2020-04-18 20:57:20,41.37,-73.41,42.01,80,90,light rain,{'1h': 0.25},0,10.29
135,Medina Del Campo,ES,2020-04-18 21:02:23,41.31,-4.91,54.0,93,93,light rain,{'3h': 0.16},0,6.93
136,Cherskiy,RU,2020-04-18 20:58:56,68.75,161.3,2.01,87,42,scattered clouds,0,0,6.58
137,Severo-Kurilsk,RU,2020-04-18 20:57:25,50.68,156.12,34.39,88,9,clear sky,0,0,10.07
138,Gazanjyk,TM,2020-04-18 21:02:24,39.24,55.52,70.09,37,0,clear sky,0,0,8.21
139,New Norfolk,AU,2020-04-18 20:57:58,-42.78,147.06,42.01,87,60,broken clouds,0,0,2.44
140,Honiara,SB,2020-04-18 20:56:18,-9.43,159.95,73.4,100,40,scattered clouds,0,0,3.36
141,Umm Lajj,SA,2020-04-18 20:57:30,25.02,37.27,73.78,49,100,overcast clouds,0,0,4.81
142,San Quintin,MX,2020-04-18 20:58:05,30.48,-115.95,64.15,57,0,clear sky,0,0,17.96
143,Cayenne,GF,2020-04-18 20:57:18,4.93,-52.33,84.2,74,20,few clouds,0,0,8.05
144,Beni Mazar,EG,2020-04-18 21:02:25,28.5,30.8,70.61,45,0,clear sky,0,0,17.6
145,Yangambi,CD,2020-04-18 21:02:25,0.81,24.43,71.8,86,67,moderate rain,{'3h': 6.28},0,5.08
146,Atar,MR,2020-04-18 20:57:28,20.52,-13.05,74.98,19,0,clear sky,0,0,8.32
147,Gat,IL,2020-04-18 21:02:26,31.61,34.76,66.99,17,0,clear sky,0,0,7.49
148,Yar-Sale,RU,2020-04-18 21:02:26,66.83,70.83,34.52,98,99,overcast clouds,0,0,9.15
149,Mandera,KE,2020-04-18 21:02:26,3.94,41.87,84.99,14,98,overcast clouds,0,0,1.01
150,Fayaoue,NC,2020-04-18 21:02:26,-20.65,166.53,77.9,79,81,broken clouds,0,0,13.56
151,Serik,TR,2020-04-18 21:00:42,36.92,31.1,59.0,82,0,clear sky,0,0,4.7
152,Nabire,ID,2020-04-18 20:55:07,-3.37,135.48,76.96,87,100,moderate rain,{'3h': 3.09},0,3.98
153,Leshukonskoye,RU,2020-04-18 21:02:27,64.9,45.76,30.06,98,81,broken clouds,0,0,2.77
154,Klaksvik,FO,2020-04-18 20:58:12,62.23,-6.59,42.8,81,0,clear sky,0,0,11.41
155,Tuatapere,NZ,2020-04-18 20:58:57,-46.13,167.68,45.0,90,54,broken clouds,0,0,8.01
156,Lorengau,PG,2020-04-18 21:02:28,-2.02,147.27,82.47,74,3,clear sky,0,0,3.04
157,Port Lincoln,AU,2020-04-18 20:58:05,-34.73,135.87,58.19,75,33,scattered clouds,0,0,8.25
158,Laukaa,RU,2020-04-18 21:02:28,58.74,29.85,35.2,90,100,light snow,0,{'3h': 0.3},8.34
159,Hay River,CA,2020-04-18 20:58:57,60.82,-115.8,37.4,59,75,broken clouds,0,0,4.7
160,Torbay,CA,2020-04-18 20:58:30,47.67,-52.73,39.0,47,75,broken clouds,0,0,17.22
161,Saint-Francois,FR,2020-04-18 20:58:55,46.42,3.91,60.01,72,84,broken clouds,0,0,2.66
162,Hofn,IS,2020-04-18 20:59:03,64.25,-15.21,45.36,87,100,light rain,{'3h': 0.68},0,17.56
163,Kapaa,US,2020-04-18 21:02:30,22.08,-159.32,78.8,61,1,clear sky,0,0,12.75
164,Dalby,AU,2020-04-18 21:02:30,-27.18,151.27,55.99,100,75,broken clouds,0,0,3.36
165,Chicama,PE,2020-04-18 20:58:05,-7.84,-79.15,78.6,59,6,clear sky,0,0,8.86
166,Arraial Do Cabo,BR,2020-04-18 21:02:30,-22.97,-42.03,73.4,83,40,scattered clouds,0,0,10.29
167,Okha,RU,2020-04-18 21:02:31,53.57,142.95,20.71,92,29,scattered clouds,0,0,4.56
168,Sao Joao Da Barra,BR,2020-04-18 20:57:59,-21.64,-41.05,77.0,69,20,few clouds,0,0,13.87
169,Petropavlovsk-Kamchatskiy,RU,2020-04-18 20:55:43,53.05,158.65,41.0,35,4,clear sky,0,0,2.24
170,Alofi,NU,2020-04-18 20:58:40,-19.06,-169.92,82.4,78,40,scattered clouds,0,0,10.29
171,San Juan,AR,2020-04-18 21:02:32,-31.54,-68.54,88.34,18,0,clear sky,0,0,5.97
172,Banjar,ID,2020-04-18 21:02:32,-8.19,114.97,80.6,100,40,scattered clouds,0,0,1.12
173,Chumikan,RU,2020-04-18 21:02:32,54.72,135.31,21.51,90,100,light snow,0,{'3h': 0.51},9.04
174,Zhigansk,RU,2020-04-18 21:02:32,66.77,123.37,1.26,93,88,overcast clouds,0,0,12.15
175,Pochutla,MX,2020-04-18 20:58:43,15.74,-96.47,90.0,55,20,few clouds,0,0,17.22
176,Upernavik,GL,2020-04-18 20:57:27,72.79,-56.15,24.46,90,100,overcast clouds,0,0,23.78
177,Sabang,ID,2020-04-18 21:02:33,5.89,95.32,82.44,72,76,broken clouds,0,0,3.29
178,La Ronge,CA,2020-04-18 20:58:18,55.1,-105.28,30.2,54,90,overcast clouds,0,0,12.75
179,Cidreira,BR,2020-04-18 20:59:07,-30.18,-50.21,68.59,78,0,clear sky,0,0,11.72
180,Bima,ID,2020-04-18 21:02:34,-8.47,118.72,77.16,82,39,scattered clouds,0,0,1.19
181,Port Hardy,CA,2020-04-18 21:02:34,50.7,-127.42,50.0,81,20,few clouds,0,0,6.93
182,Bourail,NC,2020-04-18 21:02:34,-21.57,165.48,75.61,75,86,overcast clouds,0,0,4.16
183,Ahipara,NZ,2020-04-18 20:57:49,-35.17,173.17,65.62,82,87,overcast clouds,0,0,8.28
184,Aguada De Pasajeros,CU,2020-04-18 21:02:35,22.39,-80.85,87.8,58,39,scattered clouds,0,0,13.87
185,Innisfail,AU,2020-04-18 21:02:35,-17.53,146.03,66.0,98,1,clear sky,0,0,3.38
186,Koumac,NC,2020-04-18 21:02:35,-20.57,164.28,76.89,75,72,broken clouds,0,0,5.86
187,Fray Bentos,UY,2020-04-18 21:02:35,-33.13,-58.3,77.0,49,0,clear sky,0,0,1.01
188,Malaryta,BY,2020-04-18 21:02:36,51.79,24.07,39.2,55,27,scattered clouds,0,0,2.24
189,Komsomolskiy,UZ,2020-04-18 20:57:53,40.43,71.72,55.4,62,4,clear sky,0,0,2.24
190,Fengcheng,CN,2020-04-18 21:02:36,40.45,124.07,51.58,52,100,overcast clouds,0,0,3.74
191,Beruwala,LK,2020-04-18 21:02:36,6.48,79.98,79.11,87,8,light rain,{'3h': 0.12},0,4.61
192,Ngunguru,NZ,2020-04-18 20:58:14,-35.62,174.5,61.0,98,96,overcast clouds,0,0,10.69
193,Krasnoselkup,RU,2020-04-18 21:02:37,65.7,82.47,37.29,85,100,light rain,{'3h': 0.79},0,21.0
194,Puerto Colombia,CO,2020-04-18 21:02:37,10.99,-74.95,91.4,55,20,few clouds,0,0,11.41
195,Verkhoyansk,RU,2020-04-18 21:02:37,67.54,133.38,-6.11,83,9,clear sky,0,0,1.79
196,Ayagoz,KZ,2020-04-18 21:02:37,47.97,80.44,46.38,46,4,clear sky,0,0,5.77
197,Moron,AR,2020-04-18 21:02:37,-34.65,-58.62,75.99,51,0,clear sky,0,0,7.31
198,General Roca,AR,2020-04-18 21:02:38,-39.03,-67.58,87.8,25,100,overcast clouds,0,0,9.17
199,Waddan,LY,2020-04-18 21:02:38,29.16,16.14,72.16,23,17,few clouds,0,0,11.52
200,Mae Sot,TH,2020-04-18 21:02:38,16.72,98.57,67.78,59,0,clear sky,0,0,1.03
201,Andros Town,BS,2020-04-18 20:55:10,24.7,-77.77,86.0,62,40,scattered clouds,0,0,13.87
202,Antofagasta,CL,2020-04-18 20:59:38,-23.65,-70.4,66.2,68,20,few clouds,0,0,13.87
203,Fuengirola,ES,2020-04-18 21:02:39,36.54,-4.62,62.6,82,20,few clouds,0,0,5.82
204,Saint Anthony,US,2020-04-18 21:02:39,45.02,-93.22,64.99,31,75,broken clouds,0,0,14.99
205,Laguna,US,2020-04-18 20:59:10,38.42,-121.42,68.0,52,1,clear sky,0,0,8.05
206,Tutoia,BR,2020-04-18 20:58:53,-2.76,-42.27,80.04,82,99,light rain,{'3h': 0.92},0,5.55
207,Ambilobe,MG,2020-04-18 21:02:40,-13.2,49.05,73.45,82,47,scattered clouds,0,0,5.32
208,Kurumkan,RU,2020-04-18 21:02:40,54.3,110.3,24.17,80,100,light snow,0,{'3h': 0.21},2.28
209,Kayasula,RU,2020-04-18 21:02:40,44.33,45.0,51.66,62,99,overcast clouds,0,0,1.86
210,Westport,US,2020-04-18 20:58:06,41.14,-73.36,45.0,65,90,overcast clouds,0,0,10.29
211,Port-Cartier,CA,2020-04-18 21:02:40,50.03,-66.87,36.0,69,75,broken clouds,0,0,11.41
212,Inirida,CO,2020-04-18 20:58:00,3.87,-67.92,77.76,92,100,moderate rain,{'3h': 9.37},0,2.15
213,Oranjestad,AW,2020-04-18 21:00:10,12.52,-70.03,86.0,66,40,scattered clouds,0,0,23.04
214,Hasaki,JP,2020-04-18 20:57:45,35.73,140.83,53.6,81,75,broken clouds,0,0,5.82
215,Santa Isabel Do Rio Negro,BR,2020-04-18 21:02:42,-0.41,-65.02,81.7,81,48,moderate rain,{'3h': 3.97},0,3.42
216,Tucuman,AR,2020-04-18 21:01:54,-26.82,-65.22,82.4,42,0,clear sky,0,0,10.29
217,College,US,2020-04-18 20:57:23,64.86,-147.8,41.0,93,90,light rain,0,0,2.21
218,Malim,PH,2020-04-18 21:02:42,7.45,123.43,81.3,75,0,clear sky,0,0,5.59
219,Longyearbyen,SJ,2020-04-18 20:57:18,78.22,15.64,30.2,80,20,few clouds,0,0,1.12
220,Sucua,EC,2020-04-18 21:02:43,-2.47,-78.17,68.76,58,100,light rain,{'3h': 0.37},0,1.19
221,Beloha,MG,2020-04-18 20:54:00,-25.17,45.05,71.65,82,12,few clouds,0,0,12.01
222,San Policarpo,PH,2020-04-18 20:58:28,12.18,125.51,81.57,78,22,light rain,{'3h': 0.18},0,14.65
223,Huntingdon,GB,2020-04-18 21:02:43,52.33,-0.19,46.99,84,65,broken clouds,0,0,1.01
224,Grand-Santi,GF,2020-04-18 21:02:44,4.25,-54.38,80.71,85,69,light rain,{'3h': 2.9},0,3.06
225,Port Blair,IN,2020-04-18 20:57:25,11.67,92.75,83.44,73,29,scattered clouds,0,0,4.43
226,Zhigalovo,RU,2020-04-18 21:02:44,54.81,105.16,21.69,87,33,scattered clouds,0,0,6.62
227,Kirksville,US,2020-04-18 21:02:45,40.19,-92.58,60.01,44,1,clear sky,0,0,24.16
228,Cockburn Town,TC,2020-04-18 20:54:02,21.46,-71.14,79.05,78,66,broken clouds,0,0,12.91
229,Victoria,HK,2020-04-18 20:59:17,22.29,114.16,75.0,83,33,scattered clouds,0,0,5.01
230,Thinadhoo,MV,2020-04-18 21:02:45,0.53,72.93,83.91,76,100,overcast clouds,0,0,13.29
231,Port-Gentil,GA,2020-04-18 21:02:45,-0.72,8.78,82.4,88,40,scattered clouds,0,0,6.93
232,Capitan Bado,PY,2020-04-18 21:02:46,-23.27,-55.53,71.24,57,29,scattered clouds,0,0,3.91
233,Cabo San Lucas,MX,2020-04-18 20:58:50,22.89,-109.91,80.01,56,5,clear sky,0,0,18.34
234,Llangefni,GB,2020-04-18 21:02:46,53.26,-4.31,48.2,87,94,overcast clouds,0,0,5.82
235,Los Llanos De Aridane,ES,2020-04-18 20:58:22,28.66,-17.92,66.2,68,2,clear sky,0,0,19.46
236,Saldanha,ZA,2020-04-18 20:57:10,-33.01,17.94,66.2,39,92,overcast clouds,0,0,4.7
237,Cam Ranh,VN,2020-04-18 21:02:47,11.92,109.16,82.4,78,40,scattered clouds,0,0,1.12
238,Pahrump,US,2020-04-18 21:02:47,36.21,-115.98,68.0,41,82,light rain,{'3h': 0.13},0,4.0
239,Kavieng,PG,2020-04-18 20:57:14,-2.57,150.8,81.88,78,92,light rain,{'3h': 1.24},0,4.0
240,Sitka,US,2020-04-18 20:57:51,57.05,-135.33,46.4,81,20,few clouds,0,0,8.05
241,Maldonado,UY,2020-04-18 21:02:48,-34.67,-54.92,73.4,60,0,clear sky,0,0,10.29
242,Iqaluit,CA,2020-04-18 20:57:39,63.75,-68.51,6.8,60,20,few clouds,0,0,4.7
243,Havoysund,NO,2020-04-18 20:58:45,71.0,24.66,37.4,100,100,overcast clouds,0,0,21.92
244,Lubango,AO,2020-04-18 21:02:49,-14.92,13.49,60.03,53,13,few clouds,0,0,3.78
245,Khatanga,RU,2020-04-18 20:59:03,71.97,102.5,9.54,93,0,clear sky,0,0,5.06
246,Faanui,PF,2020-04-18 21:02:49,-16.48,-151.75,82.87,73,26,scattered clouds,0,0,9.57
247,Havre-Saint-Pierre,CA,2020-04-18 20:54:29,50.23,-63.6,35.6,55,1,clear sky,0,0,10.29
248,Narsaq,GL,2020-04-18 20:57:39,60.92,-46.05,32.0,92,88,overcast clouds,0,0,10.29
249,Barabai,ID,2020-04-18 21:02:50,-2.58,115.38,75.04,94,100,moderate rain,{'3h': 4.7},0,1.83
250,Paka,MY,2020-04-18 21:02:50,4.64,103.44,77.0,94,96,overcast clouds,0,0,2.24
251,Kassala,SD,2020-04-18 21:02:50,15.45,36.4,78.28,14,77,broken clouds,0,0,7.52
252,Takoradi,GH,2020-04-18 21:02:51,4.88,-1.76,81.82,82,67,light rain,{'3h': 0.17},0,8.97
253,Telimele,GN,2020-04-18 21:02:51,10.92,-13.33,80.29,40,35,scattered clouds,0,0,4.41
254,Vostok,RU,2020-04-18 21:02:51,46.49,135.88,36.91,71,41,scattered clouds,0,0,3.8
255,Denpasar,ID,2020-04-18 20:58:28,-8.65,115.22,80.6,100,40,scattered clouds,0,0,1.12
256,Fortuna,US,2020-04-18 20:57:11,40.6,-124.16,57.0,81,75,broken clouds,0,0,6.73
257,Labrea,BR,2020-04-18 20:57:26,-7.26,-64.8,85.59,64,38,light rain,{'3h': 0.26},0,3.0
258,Pascagoula,US,2020-04-18 21:02:52,30.37,-88.56,80.6,65,90,overcast clouds,0,0,6.38
259,South Valley,US,2020-04-18 21:02:52,35.01,-106.68,69.01,14,75,broken clouds,0,0,16.11
260,Coihaique,CL,2020-04-18 21:02:53,-45.58,-72.07,48.2,87,90,moderate rain,0,0,8.05
261,Puri,IN,2020-04-18 20:58:04,19.8,85.85,77.0,73,75,haze,0,0,5.82
262,Sohagpur,IN,2020-04-18 21:02:53,22.7,78.2,81.37,33,91,overcast clouds,0,0,1.92
263,Taoudenni,ML,2020-04-18 20:57:29,22.68,-3.98,81.43,43,14,few clouds,0,0,24.67
264,Pastavy,BY,2020-04-18 21:02:54,55.12,26.83,33.91,83,28,scattered clouds,0,0,6.91
265,Caravelas,BR,2020-04-18 20:58:36,-17.71,-39.25,76.51,78,94,overcast clouds,0,0,19.64
266,Cabedelo,BR,2020-04-18 21:00:07,-6.98,-34.83,82.4,83,20,few clouds,0,0,3.36
267,Bambous Virieux,MU,2020-04-18 21:02:54,-20.34,57.76,78.8,78,40,scattered clouds,0,0,11.41
268,Mathathane,BW,2020-04-18 21:02:55,-22.27,28.75,69.62,59,0,clear sky,0,0,13.89
269,Saskylakh,RU,2020-04-18 20:58:00,71.92,114.08,8.49,79,0,clear sky,0,0,5.37
270,Kruisfontein,ZA,2020-04-18 20:58:34,-34.0,24.73,65.19,43,0,clear sky,0,0,6.08
271,Senanga,ZM,2020-04-18 21:02:06,-16.12,23.27,70.65,53,91,overcast clouds,0,0,4.21
272,Balkanabat,TM,2020-04-18 21:02:56,39.51,54.37,69.87,38,0,clear sky,0,0,6.15
273,Rohri,PK,2020-04-18 21:02:56,27.69,68.9,77.0,57,100,haze,0,0,3.71
274,Selenduma,RU,2020-04-18 21:02:56,50.91,106.24,30.18,78,73,broken clouds,0,0,2.8
275,Uravakonda,IN,2020-04-18 21:02:56,14.95,77.27,81.09,32,7,clear sky,0,0,3.96
276,Yulara,AU,2020-04-18 21:02:57,-25.24,130.99,66.2,45,32,scattered clouds,0,0,5.82
277,Itoman,JP,2020-04-18 21:02:57,26.12,127.67,71.6,94,75,broken clouds,0,0,5.82
278,Namwala,ZM,2020-04-18 21:02:57,-15.75,26.44,66.25,55,72,broken clouds,0,0,3.31
279,Hubli,IN,2020-04-18 21:02:57,15.35,75.17,76.32,62,10,clear sky,0,0,6.17
280,Khandbari,NP,2020-04-18 21:02:58,27.37,87.2,65.26,37,36,light rain,{'3h': 0.24},0,4.29
281,Novikovo,RU,2020-04-18 21:02:58,51.15,37.89,38.16,71,15,few clouds,0,0,6.11
282,Christchurch,NZ,2020-04-18 20:56:58,-43.53,172.63,57.0,62,1,clear sky,0,0,5.82
283,Grevena,GR,2020-04-18 21:02:58,40.08,21.43,57.2,50,31,scattered clouds,0,0,4.7
284,Poykovskiy,RU,2020-04-18 21:02:59,61.23,73.33,48.2,66,40,scattered clouds,0,0,6.71
285,Constitucion,CL,2020-04-18 20:58:30,-35.33,-72.42,65.19,83,83,broken clouds,0,0,9.69
286,Kaka,TM,2020-04-18 21:02:59,37.35,59.61,63.3,37,59,broken clouds,0,0,4.56
287,Bardiyah,LY,2020-04-18 21:02:59,31.76,25.09,59.25,79,0,clear sky,0,0,6.71
288,Peachland,CA,2020-04-18 21:03:00,49.77,-119.74,57.99,55,91,light rain,{'3h': 0.48},0,3.0
289,Batagay-Alyta,RU,2020-04-18 21:03:00,67.8,130.41,-3.82,67,0,clear sky,0,0,3.53
290,Liverpool,GB,2020-04-18 20:59:19,53.41,-2.98,50.0,76,99,overcast clouds,0,0,3.36
291,Naze,JP,2020-04-18 21:03:00,28.37,129.48,66.2,82,90,overcast clouds,0,0,2.24
292,Kinablangan,PH,2020-04-18 21:03:01,7.69,126.55,78.13,81,99,light rain,{'3h': 2.41},0,6.71
293,San Cristobal,VE,2020-04-18 20:59:03,7.77,-72.22,87.8,45,40,smoke,0,0,8.05
294,Matara,LK,2020-04-18 20:58:17,5.95,80.54,78.55,87,7,light rain,{'3h': 0.16},0,4.12
295,Tiksi,RU,2020-04-18 21:03:02,71.69,128.87,3.87,85,55,broken clouds,0,0,4.38
296,Pindiga,NG,2020-04-18 21:03:02,9.98,10.93,90.7,10,99,overcast clouds,0,0,3.4
297,Paredon,MX,2020-04-18 21:03:02,16.03,-93.87,87.44,60,16,few clouds,0,0,8.19
298,Mitsamiouli,KM,2020-04-18 21:03:02,-11.38,43.28,82.98,78,87,light rain,{'3h': 0.23},0,12.33
299,Nyurba,RU,2020-04-18 21:03:03,63.28,118.33,8.06,94,75,broken clouds,0,0,5.44
300,Qaanaaq,GL,2020-04-18 20:57:32,77.48,-69.36,20.75,87,100,overcast clouds,0,0,9.42
301,Paamiut,GL,2020-04-18 20:58:19,61.99,-49.67,27.77,94,100,light snow,0,{'3h': 0.38},23.58
302,Moerai,PF,2020-04-18 21:03:03,-22.43,-151.33,80.85,75,54,broken clouds,0,0,7.14
303,Mocuba,MZ,2020-04-18 21:03:04,-16.84,36.99,69.94,94,25,light rain,{'3h': 1.01},0,3.18
304,Dandong,CN,2020-04-18 21:03:04,40.13,124.39,51.62,64,100,overcast clouds,0,0,5.21
305,Werda,BW,2020-04-18 21:03:04,-25.27,23.28,75.34,25,60,broken clouds,0,0,3.4
306,Domoni,KM,2020-04-18 21:03:04,-12.26,44.53,82.11,73,37,light rain,{'3h': 0.21},0,6.02
307,Biltine,TD,2020-04-18 21:03:05,14.53,20.92,80.89,13,0,clear sky,0,0,9.08
308,Hami,CN,2020-04-18 21:03:05,42.8,93.45,62.38,21,100,overcast clouds,0,0,11.95
309,Uvira,CD,2020-04-18 21:03:05,-3.41,29.15,72.18,49,100,light rain,{'3h': 0.4},0,0.85
310,Jalu,LY,2020-04-18 20:57:17,29.03,21.55,68.88,28,0,clear sky,0,0,5.12
311,Nago,JP,2020-04-18 21:03:06,26.59,127.98,71.6,94,1,clear sky,0,0,6.93
312,Ballina,AU,2020-04-18 21:03:06,-28.87,153.57,62.01,100,11,few clouds,0,0,3.36
313,Ilulissat,GL,2020-04-18 20:57:13,69.22,-51.1,24.8,79,100,light snow,0,{'3h': 0.23},3.36
314,Hearst,CA,2020-04-18 21:03:06,49.68,-83.67,34.86,89,100,light snow,0,{'3h': 1.3},14.7
315,Kaitangata,NZ,2020-04-18 20:59:00,-46.28,169.85,51.01,86,100,overcast clouds,0,0,5.01
316,Cliza,BO,2020-04-18 21:03:07,-17.6,-65.93,75.2,29,40,scattered clouds,0,0,6.93
317,Mackay,AU,2020-04-18 21:03:07,-21.15,149.2,78.01,94,21,few clouds,0,0,4.92
318,Nsoko,SZ,2020-04-18 21:03:08,-27.03,31.95,75.2,73,100,light rain,{'3h': 0.15},0,2.24
319,Sibolga,ID,2020-04-18 21:03:08,1.74,98.78,77.31,80,100,light rain,{'3h': 2.11},0,2.73
320,Kinsale,IE,2020-04-18 21:00:05,51.71,-8.53,48.0,100,90,light intensity drizzle,0,0,14.99
321,Jiuquan,CN,2020-04-18 21:03:08,39.74,98.52,49.53,26,99,overcast clouds,0,0,1.77
322,Mehamn,NO,2020-04-18 21:03:09,71.04,27.85,33.1,91,28,scattered clouds,0,0,7.87
323,Kodinsk,RU,2020-04-18 21:03:09,58.69,99.18,21.58,93,0,clear sky,0,0,3.38
324,Annau,TM,2020-04-18 21:03:09,37.89,58.52,59.0,77,2,clear sky,0,0,8.34
325,Nukus,UZ,2020-04-18 21:03:09,42.45,59.61,55.4,30,3,clear sky,0,0,6.93
326,Moindou,NC,2020-04-18 21:03:10,-21.69,165.68,69.8,88,85,overcast clouds,0,0,2.24
327,Tyret Pervaya,RU,2020-04-18 21:03:10,53.67,102.31,27.82,85,97,light snow,0,{'3h': 0.59},8.75
328,Champerico,GT,2020-04-18 21:03:11,14.3,-91.92,91.4,46,40,haze,0,0,9.17
329,Gamba,GA,2020-04-18 21:03:11,-2.65,10.0,79.7,84,98,overcast clouds,0,0,5.01
330,Ca Mau,VN,2020-04-18 20:59:21,9.18,105.15,79.02,87,46,scattered clouds,0,0,5.75
331,Lewistown,US,2020-04-18 21:03:12,40.6,-77.57,52.0,41,13,few clouds,0,0,1.01
332,Roma,US,2020-04-18 20:59:09,43.21,-75.46,48.0,39,90,overcast clouds,0,0,13.87
333,Fairbanks,US,2020-04-18 21:03:12,64.84,-147.72,42.01,100,90,mist,0,0,2.17
334,Toropets,RU,2020-04-18 21:03:13,56.5,31.64,33.06,89,100,overcast clouds,0,0,6.96
335,Sakakah,SA,2020-04-18 21:03:13,29.97,40.21,69.8,37,20,few clouds,0,0,6.93
336,Srostki,RU,2020-04-18 21:03:13,52.42,85.7,41.77,77,0,clear sky,0,0,3.09
337,Parana,AR,2020-04-18 21:03:14,-31.73,-60.52,82.99,38,0,clear sky,0,0,1.99
338,Lata,PT,2020-04-18 21:03:14,40.16,-8.33,60.01,81,29,scattered clouds,0,0,4.0
339,Tocache,PE,2020-04-18 21:03:14,-8.18,-76.51,83.73,41,33,scattered clouds,0,0,0.36
340,Strezhevoy,RU,2020-04-18 21:03:15,60.73,77.59,51.8,53,100,overcast clouds,0,0,13.42
341,Bonavista,CA,2020-04-18 21:03:15,48.65,-53.11,37.99,50,97,light snow,0,{'3h': 0.48},10.0
342,Vallenar,CL,2020-04-18 21:03:15,-28.57,-70.76,78.31,33,0,clear sky,0,0,7.43
343,Calama,CL,2020-04-18 21:03:15,-22.47,-68.93,75.2,11,0,clear sky,0,0,25.28
344,Monrovia,LR,2020-04-18 21:03:16,6.3,-10.8,78.8,94,75,broken clouds,0,0,11.07
345,Leh,IN,2020-04-18 20:59:11,34.17,77.58,32.9,19,75,broken clouds,0,0,4.59
346,Ust-Nera,RU,2020-04-18 21:03:16,64.57,143.2,-5.91,77,99,overcast clouds,0,0,6.15
347,Amberley,US,2020-04-18 21:03:17,39.2,-84.43,57.0,43,20,few clouds,0,0,8.12
348,Esperance,AU,2020-04-18 21:03:17,-33.87,121.9,59.0,100,90,overcast clouds,0,0,10.29
349,Atasu,KZ,2020-04-18 21:03:17,48.68,71.64,52.39,35,11,few clouds,0,0,7.96
350,Vanimo,PG,2020-04-18 21:03:17,-2.67,141.3,80.37,80,100,light rain,{'3h': 0.61},0,4.59
351,Fort Nelson,CA,2020-04-18 21:03:18,58.81,-122.7,59.0,26,75,broken clouds,0,0,13.87
352,Yerbogachen,RU,2020-04-18 20:59:29,61.28,108.01,9.88,91,3,clear sky,0,0,5.57
353,Qui Nhon,VN,2020-04-18 21:03:18,13.77,109.23,76.28,88,76,broken clouds,0,0,5.68
354,Mirnyy,RU,2020-04-18 21:03:18,62.54,113.96,8.6,55,65,broken clouds,0,0,11.18
355,Bubaque,GW,2020-04-18 21:03:19,11.28,-15.83,79.66,70,100,overcast clouds,0,0,20.27
356,Haines Junction,CA,2020-04-18 21:03:19,60.75,-137.51,47.34,44,12,few clouds,0,0,2.1
357,Petauke,ZM,2020-04-18 21:03:20,-14.24,31.33,66.4,62,3,clear sky,0,0,7.72
358,Seguela,CI,2020-04-18 21:03:20,7.96,-6.67,78.33,72,75,light rain,{'3h': 0.87},0,3.74
359,Shache,CN,2020-04-18 21:03:20,38.42,77.24,56.03,37,99,overcast clouds,0,0,10.04
360,Konevo,RU,2020-04-18 21:03:20,62.12,39.32,28.51,98,75,broken clouds,0,0,3.76
361,Kavaratti,IN,2020-04-18 21:03:21,10.57,72.64,84.13,71,1,clear sky,0,0,4.56
362,Mokhsogollokh,RU,2020-04-18 21:03:21,61.47,128.92,6.87,93,92,overcast clouds,0,0,3.29
363,Newport,GB,2020-04-18 20:59:19,51.59,-3.0,50.0,96,43,scattered clouds,0,0,6.71
364,Soma,TR,2020-04-18 21:03:21,39.19,27.61,55.4,71,0,clear sky,0,0,1.12
365,Rocha,UY,2020-04-18 21:01:40,-34.48,-54.33,65.19,81,0,clear sky,0,0,6.91
366,Sept-Iles,CA,2020-04-18 20:59:06,50.2,-66.38,36.0,69,75,broken clouds,0,0,11.41
367,Touros,BR,2020-04-18 21:03:22,-5.2,-35.46,84.2,74,75,broken clouds,0,0,9.17
368,Biharamulo,TZ,2020-04-18 21:03:22,-2.63,31.31,62.87,66,100,moderate rain,{'3h': 6.22},0,1.95
369,Kijang,KR,2020-04-18 21:03:22,35.24,129.21,53.6,81,97,overcast clouds,0,0,9.17
370,Flinders,AU,2020-04-18 21:03:23,-34.58,150.86,53.01,85,71,light rain,{'3h': 0.65},0,6.31
371,Alexandria,EG,2020-04-18 21:02:58,31.22,29.96,64.4,72,0,clear sky,0,0,6.93
372,Gorontalo,ID,2020-04-18 21:03:23,0.54,123.06,75.94,88,40,light rain,{'3h': 0.25},0,2.57
373,Keti Bandar,PK,2020-04-18 21:03:24,24.14,67.45,79.54,76,77,broken clouds,0,0,14.54
374,Piranhas,BR,2020-04-18 21:03:24,-16.43,-51.82,74.52,79,95,moderate rain,{'3h': 6.74},0,3.76
375,Sovetskiy,RU,2020-04-18 21:03:25,61.36,63.58,36.75,87,90,light rain,{'3h': 1.02},0,9.15
376,Sambava,MG,2020-04-18 21:03:25,-14.27,50.17,74.8,85,29,light rain,{'3h': 0.11},0,8.5
377,Mareeba,AU,2020-04-18 21:03:25,-17.0,145.43,72.0,96,43,scattered clouds,0,0,1.99
378,Svetlyy,RU,2020-04-18 21:03:25,54.67,20.13,39.2,69,20,few clouds,0,0,11.18
379,Watsa,CD,2020-04-18 21:03:26,3.04,29.54,63.91,73,100,overcast clouds,0,0,1.59
380,Bati,ET,2020-04-18 21:03:26,11.18,40.02,63.3,58,100,moderate rain,{'3h': 4.7},0,3.04
381,Margate,GB,2020-04-18 21:03:26,51.38,1.39,48.0,92,15,few clouds,0,0,12.28
382,Seydi,TM,2020-04-18 21:03:27,39.48,62.91,70.25,23,47,scattered clouds,0,0,6.17
383,Ewo,CG,2020-04-18 21:03:27,-0.87,14.82,76.1,76,86,moderate rain,{'3h': 4.65},0,2.42
384,Washington,US,2020-04-18 21:00:06,47.5,-120.5,48.11,72,100,light rain,{'3h': 1.56},0,3.02
385,Beyneu,KZ,2020-04-18 21:03:27,45.32,55.2,63.36,37,90,overcast clouds,0,0,7.96
386,Luderitz,NA,2020-04-18 21:03:27,-26.65,15.16,59.0,93,7,clear sky,0,0,6.93
387,Mulege,MX,2020-04-18 21:03:28,26.88,-111.98,77.85,31,4,clear sky,0,0,4.21
388,Riyadh,SA,2020-04-18 20:59:23,24.69,46.72,78.8,44,100,overcast clouds,0,0,4.7
389,Zarubino,RU,2020-04-18 21:03:28,42.63,131.09,43.27,70,38,scattered clouds,0,0,5.82
390,Progreso,MX,2020-04-18 21:03:28,21.28,-89.67,102.99,27,40,scattered clouds,0,0,12.75
391,Hambantota,LK,2020-04-18 21:03:29,6.12,81.12,81.46,80,23,few clouds,0,0,6.29
392,Tolaga Bay,NZ,2020-04-18 21:03:29,-38.37,178.3,63.5,70,66,broken clouds,0,0,11.52
393,Formosa Do Rio Preto,BR,2020-04-18 21:03:29,-11.05,-45.19,74.01,78,82,light rain,{'3h': 2.14},0,2.24
394,Pangkalanbuun,ID,2020-04-18 20:57:07,-2.68,111.62,76.35,92,98,light rain,{'3h': 0.74},0,3.94
395,Sasd,HU,2020-04-18 21:03:30,46.26,18.11,59.38,59,78,broken clouds,0,0,1.28
396,Ghanzi,BW,2020-04-18 21:03:30,-21.57,21.78,73.29,33,37,scattered clouds,0,0,7.18
397,Clyde River,CA,2020-04-18 21:03:30,70.47,-68.59,15.8,85,75,light snow,0,0,5.82
398,Berlin,DE,2020-04-18 20:59:45,52.52,13.41,52.0,37,3,clear sky,0,0,9.17
399,Novouzensk,RU,2020-04-18 21:03:31,50.46,48.14,41.13,84,4,clear sky,0,0,7.2
400,Wuwei,CN,2020-04-18 21:03:31,37.93,102.64,48.0,47,56,broken clouds,0,0,1.01
401,Birao,CF,2020-04-18 21:03:31,10.28,22.79,82.15,12,82,broken clouds,0,0,2.82
402,Severo-Yeniseyskiy,RU,2020-04-18 21:03:31,60.37,93.04,24.21,94,67,broken clouds,0,0,4.41
403,Camocim,BR,2020-04-18 21:03:09,-2.9,-40.84,78.48,84,93,light rain,{'3h': 1.04},0,3.33
404,Sioux Lookout,CA,2020-04-18 21:03:32,50.1,-91.92,41.0,52,75,broken clouds,0,0,14.99
405,Miraflores,MX,2020-04-18 21:03:32,19.22,-98.81,82.4,26,20,few clouds,0,0,6.93
406,Nantucket,US,2020-04-18 21:03:32,41.28,-70.1,39.99,100,90,light rain,0,0,24.16
407,Mindelo,CV,2020-04-18 21:03:33,16.89,-24.98,73.4,64,40,scattered clouds,0,0,24.16
408,Trairi,BR,2020-04-18 21:03:33,-3.28,-39.27,80.26,79,51,light rain,{'3h': 0.36},0,4.05
409,Jacareacanga,BR,2020-04-18 21:03:33,-6.22,-57.75,80.65,88,69,moderate rain,{'3h': 3.62},0,0.27
410,Karpogory,RU,2020-04-18 21:03:34,64.0,44.45,29.07,97,0,clear sky,0,0,2.37
411,Coquimbo,CL,2020-04-18 21:03:18,-29.95,-71.34,62.6,77,0,clear sky,0,0,10.29
412,Sisimiut,GL,2020-04-18 21:03:34,66.94,-53.67,23.9,92,100,light snow,0,{'3h': 0.72},2.13
413,Alice Springs,AU,2020-04-18 21:00:14,-23.7,133.88,59.0,54,20,few clouds,0,0,4.7
414,Black River,JM,2020-04-18 21:03:34,18.03,-77.85,86.0,70,75,broken clouds,0,0,18.34
415,Baykalsk,RU,2020-04-18 21:03:35,51.51,104.15,32.47,76,100,snow,0,{'3h': 2.53},7.34
416,Vila Do Maio,CV,2020-04-18 21:03:35,15.13,-23.22,73.4,60,40,scattered clouds,0,0,20.8
417,Noumea,NC,2020-04-18 21:01:18,-22.28,166.46,75.99,88,89,overcast clouds,0,0,2.24
418,Shunyi,CN,2020-04-18 21:03:35,40.12,116.65,66.0,54,100,overcast clouds,0,0,6.71
419,Tazovskiy,RU,2020-04-18 21:03:36,67.47,78.7,35.98,98,100,light rain,{'3h': 0.91},0,20.47
420,Verkhnyaya Sysert,RU,2020-04-18 21:03:36,56.44,60.75,33.8,83,3,clear sky,0,0,8.95
421,Aykhal,RU,2020-04-18 20:59:41,66.0,111.5,8.6,50,1,clear sky,0,0,4.47
422,Kearney,US,2020-04-18 21:03:11,40.7,-99.08,71.6,21,1,clear sky,0,0,10.29
423,Lancaster,US,2020-04-18 21:03:37,40.25,-76.25,50.0,49,90,overcast clouds,0,0,20.8
424,Poiana Stampei,RO,2020-04-18 21:03:37,47.32,25.13,32.0,71,48,scattered clouds,0,0,2.3
425,Balakhonovskoye,RU,2020-04-18 21:03:38,44.78,41.78,50.56,63,89,overcast clouds,0,0,0.51
426,Saquarema,BR,2020-04-18 21:01:02,-22.92,-42.51,73.4,94,40,scattered clouds,0,0,9.17
427,Pringsewu,ID,2020-04-18 21:03:38,-5.36,104.97,74.43,87,79,light rain,{'3h': 0.66},0,1.45
428,Katsuura,JP,2020-04-18 21:03:38,35.13,140.3,57.99,82,20,few clouds,0,0,5.82
429,Santa Maria,BR,2020-04-18 21:01:23,-29.68,-53.81,69.48,63,0,clear sky,0,0,4.94
430,Evanston,US,2020-04-18 20:59:54,42.04,-87.69,57.99,35,20,few clouds,0,0,24.16
431,Peniche,PT,2020-04-18 20:58:44,39.36,-9.38,60.01,83,1,clear sky,0,0,5.01
432,Pangody,RU,2020-04-18 21:03:40,65.85,74.49,36.19,96,100,overcast clouds,0,0,13.13
433,Veresti,RO,2020-04-18 21:03:40,47.6,26.43,46.99,36,68,broken clouds,0,0,9.17
434,Luoyang,CN,2020-04-18 21:02:06,34.68,112.45,47.8,79,53,broken clouds,0,0,3.8
435,Harper,LR,2020-04-18 21:03:41,4.38,-7.72,80.46,84,100,light rain,{'3h': 0.67},0,8.28
436,Zmeyskaya,RU,2020-04-18 21:03:41,43.34,44.16,51.8,75,100,overcast clouds,0,0,4.47
437,Mount Gambier,AU,2020-04-18 21:03:41,-37.83,140.77,46.4,100,90,overcast clouds,0,0,1.12
438,Banda Aceh,ID,2020-04-18 21:03:41,5.56,95.32,79.2,80,71,broken clouds,0,0,3.31
439,Sajanan,TN,2020-04-18 21:03:42,37.06,9.24,66.2,93,20,few clouds,0,0,3.36
440,San Patricio,MX,2020-04-18 21:03:42,19.22,-104.7,80.6,83,20,few clouds,0,0,17.22
441,Praia Da Vitoria,PT,2020-04-18 21:03:42,38.73,-27.07,64.4,88,40,scattered clouds,0,0,17.31
442,Kaeo,NZ,2020-04-18 21:03:42,-35.1,173.78,62.01,95,83,broken clouds,0,0,1.99
443,Mahon,ES,2020-04-18 21:03:43,39.89,4.27,62.6,93,100,light rain,{'3h': 0.36},0,8.05
444,Kieta,PG,2020-04-18 21:03:43,-6.22,155.63,81.03,75,92,overcast clouds,0,0,1.45
445,Fomboni,KM,2020-04-18 21:03:44,-12.28,43.74,82.29,78,62,light rain,{'3h': 0.15},0,13.62
446,Masvingo,ZW,2020-04-18 21:03:44,-20.06,30.83,64.45,62,17,light rain,{'3h': 0.11},0,9.95
447,Rambha,IN,2020-04-18 21:03:44,19.52,85.1,79.66,84,0,clear sky,0,0,11.65
448,Chippewa Falls,US,2020-04-18 21:03:45,44.94,-91.39,64.4,58,1,clear sky,0,0,17.22
449,Arman,RU,2020-04-18 21:03:45,59.7,150.17,8.31,83,100,overcast clouds,0,0,15.43
450,Libourne,FR,2020-04-18 21:03:45,44.92,-0.25,59.0,85,100,light rain,{'3h': 0.52},0,4.36
451,Batagay,RU,2020-04-18 21:03:45,67.63,134.63,-5.8,87,74,broken clouds,0,0,1.52
452,Bozoum,CF,2020-04-18 21:03:46,6.32,16.38,71.31,68,79,broken clouds,0,0,3.06
453,Olafsvik,IS,2020-04-18 21:03:46,64.89,-23.71,34.56,88,100,light rain,{'3h': 0.2},0,2.62
454,Zempoala,MX,2020-04-18 21:03:46,19.45,-96.42,90.0,62,5,clear sky,0,0,14.99
455,Bud,US,2020-04-18 21:03:47,39.45,-86.18,55.99,46,40,scattered clouds,0,0,11.41
456,Luau,AO,2020-04-18 21:03:47,-10.71,22.22,66.04,70,88,light rain,{'3h': 1.4},0,1.39
457,Santa Barbara,US,2020-04-18 21:00:10,34.42,-119.7,63.0,72,75,broken clouds,0,0,12.75
458,Twin Falls,US,2020-04-18 21:03:47,42.56,-114.46,63.0,18,1,clear sky,0,0,10.29
459,Sao Gabriel Da Cachoeira,BR,2020-04-18 21:03:48,-0.13,-67.09,81.86,75,83,light rain,{'3h': 1.21},0,2.59
460,Isangel,VU,2020-04-18 21:03:48,-19.55,169.27,77.0,94,75,broken clouds,0,0,10.49
461,Nome,US,2020-04-18 21:03:48,64.5,-165.41,34.0,100,90,mist,0,0,8.05
462,Araripe,BR,2020-04-18 21:03:49,-7.21,-40.05,71.1,78,100,moderate rain,{'3h': 6.48},0,2.57
463,Henties Bay,NA,2020-04-18 21:03:49,-22.12,14.28,57.0,95,0,clear sky,0,0,5.99
464,Tabatinga,BR,2020-04-18 21:03:49,-4.25,-69.94,87.8,62,40,scattered clouds,0,0,3.36
465,Le Port,RE,2020-04-18 21:03:49,-20.94,55.29,77.0,83,90,overcast clouds,0,0,13.87
466,Dalvik,IS,2020-04-18 21:03:50,65.97,-18.53,46.4,75,90,light intensity drizzle,0,0,33.33
467,Inhambane,MZ,2020-04-18 21:03:50,-23.86,35.38,75.04,78,28,scattered clouds,0,0,14.32
468,Khandyga,RU,2020-04-18 21:03:50,62.67,135.6,-1.95,87,14,few clouds,0,0,3.89
469,Koutiala,ML,2020-04-18 21:03:50,12.39,-5.46,98.1,18,100,overcast clouds,0,0,4.76
470,Maceio,BR,2020-04-18 21:03:51,-9.67,-35.74,82.4,83,75,thunderstorm,0,0,12.75
471,Natalio,PY,2020-04-18 21:03:51,-26.72,-55.08,73.69,42,0,clear sky,0,0,1.54
472,Kichera,RU,2020-04-18 21:03:51,55.94,110.1,13.96,78,7,clear sky,0,0,10.74
473,Nuuk,GL,2020-04-18 21:03:51,64.18,-51.72,30.2,58,100,light shower snow,0,0,24.16
474,Mahanoro,MG,2020-04-18 21:03:52,-19.9,48.8,75.72,83,27,light rain,{'3h': 1.25},0,6.42
475,Savannah Bight,HN,2020-04-18 21:03:52,16.45,-85.85,81.72,78,0,clear sky,0,0,23.38
476,Buala,SB,2020-04-18 21:03:52,-8.14,159.59,81.12,78,86,light rain,{'3h': 0.14},0,0.67
477,Ola,RU,2020-04-18 21:03:52,59.58,151.28,8.49,85,100,overcast clouds,0,0,13.53
478,Namibe,AO,2020-04-18 21:03:52,-15.2,12.15,74.34,71,78,light rain,{'3h': 0.47},0,4.61
479,Adrar,MR,2020-04-18 21:03:53,20.5,-10.07,74.03,40,100,light rain,{'3h': 0.48},0,9.93
480,Ha Tinh,VN,2020-04-18 21:03:53,18.33,105.9,75.94,79,60,broken clouds,0,0,4.34
481,Kingaroy,AU,2020-04-18 21:03:53,-26.53,151.83,60.01,100,90,overcast clouds,0,0,3.36
482,Plettenberg Bay,ZA,2020-04-18 21:03:53,-34.05,23.37,71.33,33,0,clear sky,0,0,5.73
483,Mujiayingzi,CN,2020-04-18 21:03:53,42.12,118.78,48.6,40,100,overcast clouds,0,0,5.93
484,Viedma,AR,2020-04-18 21:03:54,-40.81,-63.0,80.94,29,97,overcast clouds,0,0,21.27
485,Kontagora,NG,2020-04-18 21:03:54,10.4,5.47,91.09,26,52,broken clouds,0,0,5.91
486,Idaho Falls,US,2020-04-18 21:03:54,43.47,-112.03,57.99,22,1,clear sky,0,0,4.7
487,Nemuro,JP,2020-04-18 21:03:54,43.32,145.57,40.14,79,100,overcast clouds,0,0,9.24
488,Bermejo,AR,2020-04-18 21:03:55,-32.88,-68.8,82.4,32,0,clear sky,0,0,6.93
489,Coahuayana,MX,2020-04-18 21:03:55,18.73,-103.68,87.8,40,40,smoke,0,0,11.41
490,Baykit,RU,2020-04-18 21:03:55,61.67,96.37,18.95,91,0,clear sky,0,0,1.5
491,Bondo,CD,2020-04-18 21:03:55,3.81,23.69,70.48,82,64,light rain,{'3h': 1.68},0,2.1
492,Bukama,CD,2020-04-18 21:03:56,-9.2,25.85,71.1,74,99,light rain,{'3h': 0.3},0,2.01
493,Boulsa,BF,2020-04-18 21:03:56,12.67,-0.58,88.41,23,90,overcast clouds,0,0,3.38
494,Sokolo,ML,2020-04-18 21:03:56,14.73,-6.12,96.28,12,100,overcast clouds,0,0,5.57
495,Comarapa,BO,2020-04-18 21:03:57,-17.9,-64.48,65.35,34,1,clear sky,0,0,7.34
496,Belyy Yar,RU,2020-04-18 21:03:57,53.6,91.39,39.2,60,0,clear sky,0,0,8.95
497,Sharjah,AE,2020-04-18 20:59:17,25.36,55.4,77.0,83,52,broken clouds,0,0,2.24
498,Walvis Bay,NA,2020-04-18 21:03:57,-22.96,14.51,57.0,93,0,clear sky,0,0,2.24
499,Sidrolandia,BR,2020-04-18 21:03:58,-20.93,-54.96,84.2,37,0,clear sky,0,0,4.7
500,Shellbrook,CA,2020-04-18 21:03:58,53.22,-106.4,32.0,78,75,light shower snow,0,0,13.87
501,Krikellos,GR,2020-04-18 21:03:58,38.95,21.18,53.6,93,20,few clouds,0,0,4.7
502,Ust-Ishim,RU,2020-04-18 21:03:58,57.69,71.17,45.1,79,100,overcast clouds,0,0,5.88
503,Vodnyy,RU,2020-04-18 21:03:59,63.5,53.41,31.91,94,94,overcast clouds,0,0,2.73
504,Vao,NC,2020-04-18 21:03:59,-22.67,167.48,75.69,69,74,broken clouds,0,0,10.04
505,Remontnoye,RU,2020-04-18 21:03:59,46.56,43.65,51.8,53,98,overcast clouds,0,0,6.71
506,Peleduy,RU,2020-04-18 21:04:00,59.63,112.74,12.11,92,35,scattered clouds,0,0,4.18
507,Karratha,AU,2020-04-18 21:04:00,-20.74,116.85,82.06,60,100,overcast clouds,0,0,8.84
508,Pudozh,RU,2020-04-18 21:04:00,61.81,36.53,28.65,98,48,scattered clouds,0,0,3.31
509,Yerofey Pavlovich,RU,2020-04-18 21:04:01,53.97,121.97,17.8,88,100,light snow,0,{'3h': 0.52},11.01
510,Verkhoturye,RU,2020-04-18 21:04:01,58.86,60.81,35.08,83,59,broken clouds,0,0,9.24
511,Zemio,CF,2020-04-18 21:04:01,5.03,25.14,75.13,57,99,overcast clouds,0,0,2.82
512,Presidencia Roque Saenz Pena,AR,2020-04-18 21:04:01,-26.79,-60.44,76.51,46,0,clear sky,0,0,4.29
513,Algeciras,ES,2020-04-18 21:04:02,36.13,-5.45,64.4,77,44,light rain,{'3h': 0.42},0,6.93
514,Tecoanapa,MX,2020-04-18 21:04:02,16.52,-98.75,89.19,54,74,broken clouds,0,0,11.65
515,Nador,MA,2020-04-18 21:04:02,35.17,-2.93,62.6,93,100,light rain,{'3h': 0.3},0,2.82
516,Feldbach,AT,2020-04-18 21:04:03,46.95,15.89,62.01,51,100,light rain,{'3h': 0.27},0,5.01
517,Talcahuano,CL,2020-04-18 21:04:03,-36.72,-73.12,66.2,77,40,scattered clouds,0,0,9.17
518,Houston,US,2020-04-18 21:03:35,29.76,-95.36,73.99,88,90,light rain,{'1h': 0.42},0,8.05
519,Hit,IQ,2020-04-18 21:04:03,33.64,42.83,75.13,30,0,clear sky,0,0,3.24
520,Leningradskiy,RU,2020-04-18 21:04:04,69.38,178.42,2.21,88,6,clear sky,0,0,7.49
521,Ajdabiya,LY,2020-04-18 21:04:04,30.76,20.23,64.76,50,0,clear sky,0,0,13.13
522,Olinda,BR,2020-04-18 21:04:04,-8.01,-34.86,86.0,70,40,scattered clouds,0,0,6.93
523,Vila Franca Do Campo,PT,2020-04-18 21:04:04,37.72,-25.43,62.6,93,40,scattered clouds,0,0,12.75
524,Outjo,NA,2020-04-18 21:04:05,-20.12,16.15,66.2,59,34,scattered clouds,0,0,2.24
525,Mao,ES,2020-04-18 21:03:43,39.89,4.27,62.6,93,100,light rain,{'3h': 0.36},0,8.05
526,Jiwani,PK,2020-04-18 21:04:06,25.05,61.74,78.78,85,28,scattered clouds,0,0,10.49
527,Codrington,AU,2020-04-18 21:04:06,-38.27,141.97,50.97,84,72,broken clouds,0,0,8.48
528,Waitati,NZ,2020-04-18 21:04:06,-45.75,170.57,51.01,74,94,overcast clouds,0,0,5.01
529,Sembe,CG,2020-04-18 21:04:06,1.65,14.58,72.93,81,73,light rain,{'3h': 2.06},0,1.07
530,Uzunovo,RU,2020-04-18 21:04:07,54.54,38.62,37.0,71,93,overcast clouds,0,0,9.1
531,Samarai,PG,2020-04-18 21:04:07,-10.62,150.67,80.65,80,99,overcast clouds,0,0,1.41
532,Nueva Loja,EC,2020-04-18 21:04:07,0.08,-76.88,77.0,78,100,light rain,{'3h': 0.33},0,3.36
533,Songea,TZ,2020-04-18 21:04:07,-10.68,35.65,68.0,82,5,clear sky,0,0,4.7
534,Ilave,PE,2020-04-18 21:04:08,-16.08,-69.67,51.28,18,18,light rain,{'3h': 0.24},0,10.13
535,Vitim,RU,2020-04-18 21:04:08,59.45,112.56,12.38,92,10,clear sky,0,0,4.41
536,Vangaindrano,MG,2020-04-18 21:04:08,-23.35,47.6,73.04,86,70,light rain,{'3h': 0.76},0,3.09
537,Nagato,JP,2020-04-18 21:04:08,34.38,131.2,50.0,73,88,overcast clouds,0,0,1.99
538,Hamilton,US,2020-04-18 21:01:23,39.18,-84.53,57.0,40,40,scattered clouds,0,0,11.41
539,Ostrovnoy,RU,2020-04-18 21:04:09,68.05,39.51,30.58,97,99,light snow,0,{'3h': 0.22},8.61
540,Bull Savanna,JM,2020-04-18 21:04:09,17.89,-77.59,82.65,58,22,light rain,{'3h': 0.57},0,9.57
541,Almeirim,BR,2020-04-18 21:02:29,-1.52,-52.58,79.25,77,92,overcast clouds,0,0,3.47
542,Saravan,AM,2020-04-18 21:04:09,39.72,45.65,55.4,62,40,scattered clouds,0,0,6.93
543,Makakilo City,US,2020-04-18 21:04:10,21.35,-158.09,80.6,61,75,broken clouds,0,0,9.17
544,Wanaka,NZ,2020-04-18 21:01:34,-44.7,169.15,45.0,82,93,overcast clouds,0,0,3.0
545,Sorland,NO,2020-04-18 21:04:10,67.67,12.69,40.62,92,100,light rain,{'3h': 0.16},0,8.61
546,Ville-Marie,CA,2020-04-18 21:04:11,47.33,-79.43,48.2,36,20,few clouds,0,0,19.46
547,Esso,RU,2020-04-18 21:04:11,55.93,158.7,25.43,85,48,scattered clouds,0,0,4.16
548,Maicao,CO,2020-04-18 21:04:11,11.38,-72.24,89.73,46,4,clear sky,0,0,15.5
549,Rampura,IN,2020-04-18 21:04:12,30.25,75.23,71.89,55,0,clear sky,0,0,3.69
550,Marhaura,IN,2020-04-18 21:04:12,25.97,84.87,80.6,94,79,mist,0,0,3.65
551,Ancud,CL,2020-04-18 20:57:03,-41.87,-73.82,57.2,87,75,light intensity shower rain,0,0,14.99
